concept_a,concept_b,label
classification tree comprehensibility,present major research,1
classification tree comprehensibility,review existing approaches,1
classification tree comprehensibility,literature review existing,1
classification tree comprehensibility,literature review,1
classification tree comprehensibility,major research,1
comprehensibility classification trees,present major research,1
comprehensibility classification trees,review existing approaches,1
comprehensibility classification trees,literature review existing,1
comprehensibility classification trees,literature review,1
comprehensibility classification trees,major research,1
tree comprehensibility survey,present major research,1
tree comprehensibility survey,review existing approaches,1
tree comprehensibility survey,literature review existing,1
tree comprehensibility survey,literature review,1
tree comprehensibility survey,major research,1
comprehensible classifiers use,present major research,1
comprehensible classifiers use,review existing approaches,1
comprehensible classifiers use,literature review existing,1
comprehensible classifiers use,literature review,1
comprehensible classifiers use,major research,1
tree comprehensibility,present major research,1
tree comprehensibility,review existing approaches,1
tree comprehensibility,literature review existing,1
tree comprehensibility,literature review,1
tree comprehensibility,major research,1
interpretability deep visual,present major research,1
interpretability deep visual,review existing approaches,1
interpretability deep visual,literature review existing,1
interpretability deep visual,literature review,1
interpretability deep visual,major research,1
deep visual,present major research,1
deep visual,review existing approaches,1
deep visual,literature review existing,1
deep visual,literature review,1
deep visual,major research,1
deep visual representations,present major research,1
deep visual representations,review existing approaches,1
deep visual representations,literature review existing,1
deep visual representations,literature review,1
deep visual representations,major research,1
compare latent representations,present major research,1
compare latent representations,review existing approaches,1
compare latent representations,literature review existing,1
compare latent representations,literature review,1
compare latent representations,major research,1
latent representations cnns,present major research,1
latent representations cnns,review existing approaches,1
latent representations cnns,literature review existing,1
latent representations cnns,literature review,1
latent representations cnns,major research,1
predictive inference regression,present major research,1
predictive inference regression,review existing approaches,1
predictive inference regression,literature review existing,1
predictive inference regression,literature review,1
predictive inference regression,major research,1
free predictive inference,present major research,1
free predictive inference,review existing approaches,1
free predictive inference,literature review existing,1
free predictive inference,literature review,1
free predictive inference,major research,1
predictive inference,present major research,1
predictive inference,review existing approaches,1
predictive inference,literature review existing,1
predictive inference,literature review,1
predictive inference,major research,1
inference regression,present major research,1
inference regression,review existing approaches,1
inference regression,literature review existing,1
inference regression,literature review,1
inference regression,major research,1
estimator standard assumptions,present major research,1
estimator standard assumptions,review existing approaches,1
estimator standard assumptions,literature review existing,1
estimator standard assumptions,literature review,1
estimator standard assumptions,major research,1
image classification systems,present major research,1
image classification systems,review existing approaches,1
image classification systems,literature review existing,1
image classification systems,literature review,1
image classification systems,major research,1
automated image classification,present major research,1
automated image classification,review existing approaches,1
automated image classification,literature review existing,1
automated image classification,literature review,1
automated image classification,major research,1
image classification,present major research,1
image classification,review existing approaches,1
image classification,literature review existing,1
image classification,literature review,1
image classification,major research,1
expert machine,present major research,1
expert machine,review existing approaches,1
expert machine,literature review existing,1
expert machine,literature review,1
expert machine,major research,1
image data,present major research,1
image data,review existing approaches,1
image data,literature review existing,1
image data,literature review,1
image data,major research,1
face morphing detection,gamut customer journey,1
face morphing detection,entire gamut customer,1
face morphing detection,optimize customer journey,1
face morphing detection,customer service leading,1
face morphing detection,gamut customer,1
face morphing technique,gamut customer journey,1
face morphing technique,entire gamut customer,1
face morphing technique,optimize customer journey,1
face morphing technique,customer service leading,1
face morphing technique,gamut customer,1
face morphing attacks,gamut customer journey,1
face morphing attacks,entire gamut customer,1
face morphing attacks,customer service leading,1
face morphing attacks,gamut customer,1
based face morphing,gamut customer journey,1
based face morphing,entire gamut customer,1
based face morphing,optimize customer journey,1
based face morphing,gamut customer,1
robust face morphing,gamut customer journey,1
robust face morphing,entire gamut customer,1
robust face morphing,optimize customer journey,1
robust face morphing,customer service leading,1
robust face morphing,gamut customer,1
russian trade role,gamut customer journey,1
russian trade role,entire gamut customer,1
russian trade role,optimize customer journey,1
russian trade role,customer service leading,1
russian trade role,gamut customer,1
decrease russian trade,gamut customer journey,1
decrease russian trade,entire gamut customer,1
decrease russian trade,optimize customer journey,1
decrease russian trade,customer service leading,1
decrease russian trade,gamut customer,1
affects russian trade,gamut customer journey,1
affects russian trade,entire gamut customer,1
affects russian trade,optimize customer journey,1
affects russian trade,customer service leading,1
affects russian trade,gamut customer,1
shapes russia trade,gamut customer journey,1
shapes russia trade,entire gamut customer,1
shapes russia trade,optimize customer journey,1
shapes russia trade,customer service leading,1
shapes russia trade,gamut customer,1
russia trade performance,gamut customer journey,1
russia trade performance,entire gamut customer,1
russia trade performance,optimize customer journey,1
russia trade performance,customer service leading,1
russia trade performance,gamut customer,1
considerations corporate mergers,gamut customer journey,1
considerations corporate mergers,entire gamut customer,1
considerations corporate mergers,optimize customer journey,1
considerations corporate mergers,customer service leading,1
considerations corporate mergers,gamut customer,1
governance esg considerations,gamut customer journey,1
governance esg considerations,entire gamut customer,1
governance esg considerations,optimize customer journey,1
governance esg considerations,customer service leading,1
governance esg considerations,gamut customer,1
governance factors,gamut customer journey,1
governance factors,entire gamut customer,1
governance factors,optimize customer journey,1
governance factors,customer service leading,1
governance factors,gamut customer,1
value sustainability dealmaking,gamut customer journey,1
value sustainability dealmaking,entire gamut customer,1
value sustainability dealmaking,optimize customer journey,1
value sustainability dealmaking,customer service leading,1
value sustainability dealmaking,gamut customer,1
governance esg,gamut customer journey,1
governance esg,entire gamut customer,1
governance esg,optimize customer journey,1
governance esg,customer service leading,1
governance esg,gamut customer,1
products quality control,gamut customer journey,1
products quality control,entire gamut customer,1
products quality control,optimize customer journey,1
products quality control,customer service leading,1
products quality control,gamut customer,1
ensure consistent product,gamut customer journey,1
ensure consistent product,entire gamut customer,1
ensure consistent product,optimize customer journey,1
ensure consistent product,customer service leading,1
ensure consistent product,gamut customer,1
consistent product quality,gamut customer journey,1
consistent product quality,entire gamut customer,1
consistent product quality,optimize customer journey,1
consistent product quality,customer service leading,1
consistent product quality,gamut customer,1
quality management includes,gamut customer journey,1
quality management includes,entire gamut customer,1
quality management includes,optimize customer journey,1
quality management includes,customer service leading,1
quality management includes,gamut customer,1
quality products critical,gamut customer journey,1
quality products critical,entire gamut customer,1
quality products critical,optimize customer journey,1
quality products critical,customer service leading,1
quality products critical,gamut customer,1
processing crop,entire gamut customer,1
processing crop,optimize customer journey,1
processing crop,customer service leading,1
processing crop,gamut customer,1
apple crop,gamut customer journey,1
apple crop,entire gamut customer,1
apple crop,optimize customer journey,1
apple crop,customer service leading,1
apple crop,gamut customer,1
food processing crop,optimize customer journey,1
food processing crop,customer service leading,1
food processing crop,gamut customer,1
common apple crop,gamut customer journey,1
common apple crop,entire gamut customer,1
common apple crop,optimize customer journey,1
common apple crop,customer service leading,1
common apple crop,gamut customer,1
processing crop management,optimize customer journey,1
processing crop management,customer service leading,1
processing crop management,gamut customer,1
production process machining,gamut customer journey,1
production process machining,entire gamut customer,1
production process machining,optimize customer journey,1
production process machining,customer service leading,1
production process machining,gamut customer,1
manufacturing industry,gamut customer journey,1
manufacturing industry,entire gamut customer,1
manufacturing industry,optimize customer journey,1
manufacturing industry,customer service leading,1
manufacturing industry,gamut customer,1
globalization manufacturing industry,gamut customer journey,1
globalization manufacturing industry,entire gamut customer,1
globalization manufacturing industry,optimize customer journey,1
globalization manufacturing industry,customer service leading,1
globalization manufacturing industry,gamut customer,1
product defects machining,gamut customer journey,1
product defects machining,entire gamut customer,1
product defects machining,optimize customer journey,1
product defects machining,customer service leading,1
product defects machining,gamut customer,1
layout production line,gamut customer journey,1
layout production line,entire gamut customer,1
layout production line,optimize customer journey,1
layout production line,customer service leading,1
layout production line,gamut customer,1
warehouse capacity increasing,gamut customer journey,1
warehouse capacity increasing,entire gamut customer,1
warehouse capacity increasing,optimize customer journey,1
warehouse capacity increasing,customer service leading,1
warehouse capacity increasing,gamut customer,1
material stock warehouse,gamut customer journey,1
material stock warehouse,entire gamut customer,1
material stock warehouse,optimize customer journey,1
material stock warehouse,customer service leading,1
material stock warehouse,gamut customer,1
raw material procurement,gamut customer journey,1
raw material procurement,entire gamut customer,1
raw material procurement,optimize customer journey,1
raw material procurement,customer service leading,1
raw material procurement,gamut customer,1
stock warehouse capacity,gamut customer journey,1
stock warehouse capacity,entire gamut customer,1
stock warehouse capacity,optimize customer journey,1
stock warehouse capacity,customer service leading,1
stock warehouse capacity,gamut customer,1
raw material supplies,gamut customer journey,1
raw material supplies,entire gamut customer,1
raw material supplies,optimize customer journey,1
raw material supplies,customer service leading,1
raw material supplies,gamut customer,1
invasive plant species,gamut customer,1
invasive plant,customer service leading,1
invasive plant,gamut customer,1
list invasive plant,gamut customer journey,1
list invasive plant,entire gamut customer,1
list invasive plant,optimize customer journey,1
list invasive plant,customer service leading,1
list invasive plant,gamut customer,1
plant species,gamut customer journey,1
plant species,entire gamut customer,1
plant species,optimize customer journey,1
plant species,customer service leading,1
plant species,gamut customer,1
plant species particular,gamut customer journey,1
plant species particular,entire gamut customer,1
plant species particular,optimize customer journey,1
plant species particular,customer service leading,1
plant species particular,gamut customer,1
improve product quality,gamut customer journey,1
improve product quality,entire gamut customer,1
improve product quality,optimize customer journey,1
improve product quality,customer service leading,1
improve product quality,gamut customer,1
product quality,gamut customer journey,1
product quality,entire gamut customer,1
product quality,optimize customer journey,1
product quality,customer service leading,1
product quality,gamut customer,1
level product defects,gamut customer journey,1
level product defects,entire gamut customer,1
level product defects,optimize customer journey,1
level product defects,customer service leading,1
level product defects,gamut customer,1
products improve product,gamut customer journey,1
products improve product,entire gamut customer,1
products improve product,optimize customer journey,1
products improve product,customer service leading,1
products improve product,gamut customer,1
improve product,gamut customer journey,1
improve product,entire gamut customer,1
improve product,optimize customer journey,1
improve product,customer service leading,1
improve product,gamut customer,1
climate prediction,optimize customer journey,1
climate prediction,customer service leading,1
climate prediction,gamut customer,1
climate forecasting,gamut customer journey,1
climate forecasting,entire gamut customer,1
climate forecasting,optimize customer journey,1
climate forecasting,customer service leading,1
climate forecasting,gamut customer,1
variables temperature precipitation,optimize customer journey,1
variables temperature precipitation,gamut customer,1
historical climate data,optimize customer journey,1
historical climate data,gamut customer,1
climate prediction contributing,optimize customer journey,1
climate prediction contributing,customer service leading,1
climate prediction contributing,gamut customer,1
tourism kayutangan area,gamut customer journey,1
tourism kayutangan area,optimize customer journey,1
tourism kayutangan area,customer service leading,1
tourism kayutangan area,gamut customer,1
stakeholder kayutangan area,gamut customer journey,1
stakeholder kayutangan area,entire gamut customer,1
stakeholder kayutangan area,optimize customer journey,1
stakeholder kayutangan area,customer service leading,1
stakeholder kayutangan area,gamut customer,1
urban tourism kayutangan,gamut customer journey,1
urban tourism kayutangan,entire gamut customer,1
urban tourism kayutangan,optimize customer journey,1
urban tourism kayutangan,customer service leading,1
urban tourism kayutangan,gamut customer,1
local governments develop,gamut customer journey,1
local governments develop,optimize customer journey,1
local governments develop,customer service leading,1
local governments develop,gamut customer,1
develop urban tourism,gamut customer journey,1
develop urban tourism,entire gamut customer,1
develop urban tourism,optimize customer journey,1
develop urban tourism,customer service leading,1
develop urban tourism,gamut customer,1
effectiveness health care,gamut customer journey,1
effectiveness health care,entire gamut customer,1
effectiveness health care,optimize customer journey,1
effectiveness health care,customer service leading,1
effectiveness health care,gamut customer,1
health care delivery,gamut customer journey,1
health care delivery,entire gamut customer,1
health care delivery,optimize customer journey,1
health care delivery,customer service leading,1
health care delivery,gamut customer,1
clinical process metrics,gamut customer journey,1
clinical process metrics,entire gamut customer,1
clinical process metrics,optimize customer journey,1
clinical process metrics,customer service leading,1
clinical process metrics,gamut customer,1
care delivery,gamut customer journey,1
care delivery,entire gamut customer,1
care delivery,optimize customer journey,1
care delivery,customer service leading,1
care delivery,gamut customer,1
demonstrated clinical process,gamut customer journey,1
demonstrated clinical process,entire gamut customer,1
demonstrated clinical process,optimize customer journey,1
demonstrated clinical process,customer service leading,1
demonstrated clinical process,gamut customer,1
agricultural leaf pathologies,gamut customer journey,1
agricultural leaf pathologies,entire gamut customer,1
agricultural leaf pathologies,optimize customer journey,1
agricultural leaf pathologies,customer service leading,1
agricultural leaf pathologies,gamut customer,1
knowledge crop leaf,gamut customer journey,1
knowledge crop leaf,entire gamut customer,1
knowledge crop leaf,optimize customer journey,1
knowledge crop leaf,customer service leading,1
knowledge crop leaf,gamut customer,1
crop leaf,gamut customer journey,1
crop leaf,entire gamut customer,1
crop leaf,optimize customer journey,1
crop leaf,customer service leading,1
crop leaf,gamut customer,1
agricultural leaf,gamut customer journey,1
agricultural leaf,entire gamut customer,1
agricultural leaf,optimize customer journey,1
agricultural leaf,customer service leading,1
agricultural leaf,gamut customer,1
better knowledge crop,gamut customer journey,1
better knowledge crop,entire gamut customer,1
better knowledge crop,optimize customer journey,1
better knowledge crop,customer service leading,1
better knowledge crop,gamut customer,1
improve production process,gamut customer journey,1
improve production process,entire gamut customer,1
improve production process,optimize customer journey,1
improve production process,customer service leading,1
improve production process,gamut customer,1
improve product quality,gamut customer journey,1
improve product quality,entire gamut customer,1
improve product quality,optimize customer journey,1
improve product quality,customer service leading,1
improve product quality,gamut customer,1
product quality increase,gamut customer journey,1
product quality increase,entire gamut customer,1
product quality increase,optimize customer journey,1
product quality increase,customer service leading,1
product quality increase,gamut customer,1
increase product quality,gamut customer journey,1
increase product quality,entire gamut customer,1
increase product quality,optimize customer journey,1
increase product quality,customer service leading,1
increase product quality,gamut customer,1
quality manufacturing industry,gamut customer journey,1
quality manufacturing industry,entire gamut customer,1
quality manufacturing industry,optimize customer journey,1
quality manufacturing industry,customer service leading,1
quality manufacturing industry,gamut customer,1
overall equipment effectiveness,gamut customer journey,1
overall equipment effectiveness,entire gamut customer,1
overall equipment effectiveness,optimize customer journey,1
overall equipment effectiveness,customer service leading,1
overall equipment effectiveness,gamut customer,1
improvements production processes,gamut customer journey,1
improvements production processes,entire gamut customer,1
improvements production processes,optimize customer journey,1
improvements production processes,customer service leading,1
improvements production processes,gamut customer,1
efficiency frame welding,gamut customer journey,1
efficiency frame welding,entire gamut customer,1
efficiency frame welding,optimize customer journey,1
efficiency frame welding,customer service leading,1
efficiency frame welding,gamut customer,1
analyze overall equipment,gamut customer journey,1
analyze overall equipment,entire gamut customer,1
analyze overall equipment,optimize customer journey,1
analyze overall equipment,customer service leading,1
analyze overall equipment,gamut customer,1
effectiveness frame welding,gamut customer journey,1
effectiveness frame welding,entire gamut customer,1
effectiveness frame welding,optimize customer journey,1
effectiveness frame welding,customer service leading,1
effectiveness frame welding,gamut customer,1
schools improve physical,gamut customer journey,1
schools improve physical,entire gamut customer,1
schools improve physical,optimize customer journey,1
schools improve physical,customer service leading,1
schools improve physical,gamut customer,1
physical education,gamut customer journey,1
physical education,entire gamut customer,1
physical education,optimize customer journey,1
physical education,customer service leading,1
physical education,gamut customer,1
physical education health,gamut customer journey,1
physical education health,entire gamut customer,1
physical education health,optimize customer journey,1
physical education health,customer service leading,1
physical education health,gamut customer,1
schools physical fitness,gamut customer journey,1
schools physical fitness,entire gamut customer,1
schools physical fitness,optimize customer journey,1
schools physical fitness,customer service leading,1
schools physical fitness,gamut customer,1
better physical fitness,gamut customer journey,1
better physical fitness,entire gamut customer,1
better physical fitness,optimize customer journey,1
better physical fitness,customer service leading,1
better physical fitness,gamut customer,1
work facilities sequence,gamut customer journey,1
work facilities sequence,entire gamut customer,1
work facilities sequence,optimize customer journey,1
work facilities sequence,customer service leading,1
work facilities sequence,gamut customer,1
time needed workers,gamut customer journey,1
time needed workers,entire gamut customer,1
time needed workers,optimize customer journey,1
time needed workers,customer service leading,1
time needed workers,gamut customer,1
motorized vehicles,optimize customer journey,1
motorized vehicles,gamut customer,1
workers complete work,gamut customer journey,1
workers complete work,entire gamut customer,1
workers complete work,optimize customer journey,1
workers complete work,customer service leading,1
workers complete work,gamut customer,1
layout work facilities,gamut customer journey,1
layout work facilities,entire gamut customer,1
layout work facilities,optimize customer journey,1
layout work facilities,customer service leading,1
layout work facilities,gamut customer,1
recipes aqueous decoction,gamut customer journey,1
recipes aqueous decoction,entire gamut customer,1
recipes aqueous decoction,optimize customer journey,1
recipes aqueous decoction,customer service leading,1
recipes aqueous decoction,gamut customer,1
bersama abyssinica fres,gamut customer journey,1
bersama abyssinica fres,entire gamut customer,1
bersama abyssinica fres,optimize customer journey,1
bersama abyssinica fres,customer service leading,1
bersama abyssinica fres,gamut customer,1
included bersama abyssinica,gamut customer journey,1
included bersama abyssinica,entire gamut customer,1
included bersama abyssinica,optimize customer journey,1
included bersama abyssinica,customer service leading,1
included bersama abyssinica,gamut customer,1
treat sexual dysfunction,gamut customer journey,1
treat sexual dysfunction,entire gamut customer,1
treat sexual dysfunction,optimize customer journey,1
treat sexual dysfunction,customer service leading,1
treat sexual dysfunction,gamut customer,1
bersama abyssinica,gamut customer journey,1
bersama abyssinica,entire gamut customer,1
bersama abyssinica,optimize customer journey,1
bersama abyssinica,customer service leading,1
bersama abyssinica,gamut customer,1
advanced modelling soil,optimize customer journey,1
advanced modelling soil,customer service leading,1
advanced modelling soil,gamut customer,1
modelling soil organic,optimize customer journey,1
modelling soil organic,customer service leading,1
modelling soil organic,gamut customer,1
modelling soil,gamut customer journey,1
modelling soil,optimize customer journey,1
modelling soil,customer service leading,1
modelling soil,gamut customer,1
mining environmental areas,optimize customer journey,1
soil organic carbon,customer service leading,1
soil organic carbon,gamut customer,1
knowledge helminth infection,gamut customer,1
helminth infection,gamut customer,1
intestinal parasites deworming,gamut customer,1
deworming infected pregnant,gamut customer,1
clinical documentation process,gamut customer journey,1
clinical documentation process,entire gamut customer,1
clinical documentation process,optimize customer journey,1
clinical documentation process,customer service leading,1
clinical documentation process,gamut customer,1
comprehensive clinical documentation,gamut customer journey,1
comprehensive clinical documentation,entire gamut customer,1
comprehensive clinical documentation,optimize customer journey,1
comprehensive clinical documentation,customer service leading,1
comprehensive clinical documentation,gamut customer,1
clinical notes using,gamut customer journey,1
clinical notes using,entire gamut customer,1
clinical notes using,optimize customer journey,1
clinical notes using,customer service leading,1
clinical notes using,gamut customer,1
revolutionize clinical documentation,gamut customer journey,1
revolutionize clinical documentation,entire gamut customer,1
revolutionize clinical documentation,optimize customer journey,1
revolutionize clinical documentation,customer service leading,1
revolutionize clinical documentation,gamut customer,1
clinical documentation,gamut customer journey,1
clinical documentation,entire gamut customer,1
clinical documentation,optimize customer journey,1
clinical documentation,customer service leading,1
clinical documentation,gamut customer,1
promotional product selection,gamut customer journey,1
promotional product selection,entire gamut customer,1
promotional product selection,optimize customer journey,1
promotional product selection,customer service leading,1
promotional product selection,gamut customer,1
product selection process,gamut customer journey,1
product selection process,entire gamut customer,1
product selection process,optimize customer journey,1
product selection process,customer service leading,1
product selection process,gamut customer,1
selecting promotional products,gamut customer journey,1
selecting promotional products,entire gamut customer,1
selecting promotional products,optimize customer journey,1
selecting promotional products,customer service leading,1
selecting promotional products,gamut customer,1
current promotional product,gamut customer journey,1
current promotional product,entire gamut customer,1
current promotional product,optimize customer journey,1
current promotional product,customer service leading,1
current promotional product,gamut customer,1
promotional products,gamut customer journey,1
promotional products,entire gamut customer,1
promotional products,optimize customer journey,1
promotional products,customer service leading,1
promotional products,gamut customer,1
effective supply chain,gamut customer journey,1
effective supply chain,entire gamut customer,1
effective supply chain,optimize customer journey,1
effective supply chain,customer service leading,1
effective supply chain,gamut customer,1
enhances supply chain,gamut customer journey,1
enhances supply chain,entire gamut customer,1
enhances supply chain,optimize customer journey,1
enhances supply chain,customer service leading,1
enhances supply chain,gamut customer,1
supply chain management,gamut customer journey,1
supply chain management,entire gamut customer,1
supply chain management,optimize customer journey,1
supply chain management,customer service leading,1
supply chain management,gamut customer,1
supply chain,gamut customer journey,1
supply chain,entire gamut customer,1
supply chain,optimize customer journey,1
supply chain,customer service leading,1
supply chain,gamut customer,1
contemporary business landscape,gamut customer journey,1
contemporary business landscape,entire gamut customer,1
contemporary business landscape,optimize customer journey,1
contemporary business landscape,customer service leading,1
contemporary business landscape,gamut customer,1
nutritious powder based,gamut customer journey,1
nutritious powder based,entire gamut customer,1
nutritious powder based,optimize customer journey,1
nutritious powder based,customer service leading,1
nutritious powder based,gamut customer,1
nutritious powder tailored,gamut customer journey,1
nutritious powder tailored,entire gamut customer,1
nutritious powder tailored,optimize customer journey,1
nutritious powder tailored,customer service leading,1
nutritious powder tailored,gamut customer,1
create nutritious powders,gamut customer journey,1
create nutritious powders,entire gamut customer,1
create nutritious powders,optimize customer journey,1
create nutritious powders,customer service leading,1
create nutritious powders,gamut customer,1
nutritious powders,gamut customer journey,1
nutritious powders,entire gamut customer,1
nutritious powders,optimize customer journey,1
nutritious powders,customer service leading,1
nutritious powders,gamut customer,1
nutritious powders suitable,gamut customer journey,1
nutritious powders suitable,entire gamut customer,1
nutritious powders suitable,optimize customer journey,1
nutritious powders suitable,customer service leading,1
nutritious powders suitable,gamut customer,1
fluid rheology flow,gamut customer journey,1
fluid rheology flow,entire gamut customer,1
fluid rheology flow,optimize customer journey,1
fluid rheology flow,customer service leading,1
fluid rheology flow,gamut customer,1
rheology flow dynamics,gamut customer journey,1
rheology flow dynamics,entire gamut customer,1
rheology flow dynamics,optimize customer journey,1
rheology flow dynamics,customer service leading,1
rheology flow dynamics,gamut customer,1
process control food,gamut customer journey,1
process control food,entire gamut customer,1
process control food,optimize customer journey,1
process control food,customer service leading,1
process control food,gamut customer,1
fluid dynamics,gamut customer journey,1
fluid dynamics,entire gamut customer,1
fluid dynamics,optimize customer journey,1
fluid dynamics,customer service leading,1
fluid dynamics,gamut customer,1
fluid dynamics velocity,gamut customer journey,1
fluid dynamics velocity,entire gamut customer,1
fluid dynamics velocity,optimize customer journey,1
fluid dynamics velocity,customer service leading,1
fluid dynamics velocity,gamut customer,1
digital payment landscape,gamut customer journey,1
digital payment landscape,entire gamut customer,1
digital payment landscape,optimize customer journey,1
digital payment landscape,customer service leading,1
digital payment landscape,gamut customer,1
navigate digital payment,gamut customer journey,1
navigate digital payment,entire gamut customer,1
navigate digital payment,optimize customer journey,1
navigate digital payment,customer service leading,1
navigate digital payment,gamut customer,1
seamless transactions chapter,gamut customer journey,1
seamless transactions chapter,entire gamut customer,1
seamless transactions chapter,optimize customer journey,1
seamless transactions chapter,customer service leading,1
seamless transactions chapter,gamut customer,1
elucidating practical approaches,gamut customer journey,1
elucidating practical approaches,entire gamut customer,1
elucidating practical approaches,optimize customer journey,1
elucidating practical approaches,customer service leading,1
elucidating practical approaches,gamut customer,1
survey findings chapter,gamut customer journey,1
survey findings chapter,entire gamut customer,1
survey findings chapter,optimize customer journey,1
survey findings chapter,customer service leading,1
survey findings chapter,gamut customer,1
esteem dialysis patients,gamut customer journey,1
esteem dialysis patients,entire gamut customer,1
esteem dialysis patients,optimize customer journey,1
esteem dialysis patients,customer service leading,1
esteem dialysis patients,gamut customer,1
having psychological distress,gamut customer journey,1
having psychological distress,entire gamut customer,1
having psychological distress,optimize customer journey,1
having psychological distress,customer service leading,1
having psychological distress,gamut customer,1
chronic kidney disease,gamut customer journey,1
chronic kidney disease,entire gamut customer,1
chronic kidney disease,customer service leading,1
chronic kidney disease,gamut customer,1
psychological distress self,gamut customer journey,1
psychological distress self,entire gamut customer,1
psychological distress self,optimize customer journey,1
psychological distress self,customer service leading,1
psychological distress self,gamut customer,1
chronic disease,gamut customer journey,1
chronic disease,entire gamut customer,1
chronic disease,optimize customer journey,1
chronic disease,customer service leading,1
chronic disease,gamut customer,1
data mining approaches,gamut customer journey,1
data mining approaches,entire gamut customer,1
data mining approaches,optimize customer journey,1
data mining approaches,customer service leading,1
data mining approaches,gamut customer,1
databases data mining,gamut customer journey,1
databases data mining,entire gamut customer,1
databases data mining,optimize customer journey,1
databases data mining,customer service leading,1
databases data mining,gamut customer,1
data mining,gamut customer journey,1
data mining,entire gamut customer,1
data mining,optimize customer journey,1
data mining,customer service leading,1
data mining,gamut customer,1
approaches data mining,gamut customer journey,1
approaches data mining,entire gamut customer,1
approaches data mining,optimize customer journey,1
approaches data mining,customer service leading,1
approaches data mining,gamut customer,1
data mining makes,gamut customer journey,1
data mining makes,entire gamut customer,1
data mining makes,optimize customer journey,1
data mining makes,customer service leading,1
data mining makes,gamut customer,1
transformer life prediction,gamut customer journey,1
transformer life prediction,entire gamut customer,1
transformer life prediction,optimize customer journey,1
transformer life prediction,customer service leading,1
transformer life prediction,gamut customer,1
reliability power grids,entire gamut customer,1
reliability power grids,customer service leading,1
reliability power grids,gamut customer,1
reliable transformer life,entire gamut customer,1
reliable transformer life,optimize customer journey,1
reliable transformer life,customer service leading,1
reliable transformer life,gamut customer,1
power grids,entire gamut customer,1
power grids,gamut customer,1
accurate reliable transformer,gamut customer journey,1
accurate reliable transformer,entire gamut customer,1
accurate reliable transformer,optimize customer journey,1
accurate reliable transformer,customer service leading,1
accurate reliable transformer,gamut customer,1
health coverage years,gamut customer journey,1
health coverage years,entire gamut customer,1
health coverage years,optimize customer journey,1
health coverage years,customer service leading,1
health coverage years,gamut customer,1
insurance remains low,gamut customer journey,1
insurance remains low,entire gamut customer,1
insurance remains low,optimize customer journey,1
insurance remains low,customer service leading,1
insurance remains low,gamut customer,1
universal health coverage,gamut customer journey,1
universal health coverage,entire gamut customer,1
universal health coverage,optimize customer journey,1
universal health coverage,customer service leading,1
universal health coverage,gamut customer,1
health insurance strengthening,gamut customer journey,1
health insurance strengthening,entire gamut customer,1
health insurance strengthening,optimize customer journey,1
health insurance strengthening,customer service leading,1
health insurance strengthening,gamut customer,1
health insurance significantly,gamut customer journey,1
health insurance significantly,entire gamut customer,1
health insurance significantly,optimize customer journey,1
health insurance significantly,customer service leading,1
health insurance significantly,gamut customer,1
thorough bibliometric analysis,gamut customer journey,1
thorough bibliometric analysis,entire gamut customer,1
thorough bibliometric analysis,optimize customer journey,1
thorough bibliometric analysis,customer service leading,1
thorough bibliometric analysis,gamut customer,1
key papers authors,gamut customer journey,1
key papers authors,entire gamut customer,1
key papers authors,optimize customer journey,1
key papers authors,customer service leading,1
key papers authors,gamut customer,1
uncover key papers,gamut customer journey,1
uncover key papers,entire gamut customer,1
uncover key papers,optimize customer journey,1
uncover key papers,customer service leading,1
uncover key papers,gamut customer,1
key papers,gamut customer journey,1
key papers,entire gamut customer,1
key papers,optimize customer journey,1
key papers,customer service leading,1
key papers,gamut customer,1
bibliometric analysis,gamut customer journey,1
bibliometric analysis,entire gamut customer,1
bibliometric analysis,optimize customer journey,1
bibliometric analysis,customer service leading,1
bibliometric analysis,gamut customer,1
customer lifecycle omnichannel,gamut customer journey,1
customer lifecycle omnichannel,entire gamut customer,1
customer lifecycle omnichannel,optimize customer journey,1
customer lifecycle omnichannel,customer service leading,1
customer lifecycle omnichannel,gamut customer,1
customer centric,gamut customer journey,1
customer centric,entire gamut customer,1
customer centric,optimize customer journey,1
customer centric,customer service leading,1
customer centric,gamut customer,1
customer centric articulating,gamut customer journey,1
customer centric articulating,entire gamut customer,1
customer centric articulating,optimize customer journey,1
customer centric articulating,customer service leading,1
customer centric articulating,gamut customer,1
customer core interaction,gamut customer journey,1
customer core interaction,entire gamut customer,1
customer core interaction,optimize customer journey,1
customer core interaction,customer service leading,1
customer core interaction,gamut customer,1
customer core,gamut customer journey,1
customer core,entire gamut customer,1
customer core,optimize customer journey,1
customer core,customer service leading,1
customer core,gamut customer,1
data mining process,gamut customer journey,1
data mining process,entire gamut customer,1
data mining process,optimize customer journey,1
data mining process,customer service leading,1
data mining process,gamut customer,1
data mining includes,gamut customer journey,1
data mining includes,entire gamut customer,1
data mining includes,optimize customer journey,1
data mining includes,customer service leading,1
data mining includes,gamut customer,1
data mining,gamut customer journey,1
data mining,entire gamut customer,1
data mining,optimize customer journey,1
data mining,customer service leading,1
data mining,gamut customer,1
mining process,gamut customer journey,1
mining process,entire gamut customer,1
mining process,optimize customer journey,1
mining process,customer service leading,1
mining process,gamut customer,1
process data mining,gamut customer journey,1
process data mining,entire gamut customer,1
process data mining,optimize customer journey,1
process data mining,customer service leading,1
process data mining,gamut customer,1
customer journey mapping,gamut customer journey,1
customer journey mapping,entire gamut customer,1
customer journey mapping,optimize customer journey,1
customer journey mapping,customer service leading,1
customer journey mapping,gamut customer,1
customer journey complex,gamut customer journey,1
customer journey complex,entire gamut customer,1
customer journey complex,optimize customer journey,1
customer journey complex,customer service leading,1
customer journey complex,gamut customer,1
customer journey analytics,gamut customer journey,1
customer journey analytics,entire gamut customer,1
customer journey analytics,optimize customer journey,1
customer journey analytics,customer service leading,1
customer journey analytics,gamut customer,1
customer journey management,gamut customer journey,1
customer journey management,entire gamut customer,1
customer journey management,optimize customer journey,1
customer journey management,customer service leading,1
customer journey management,gamut customer,1
customer journey,gamut customer journey,1
customer journey,entire gamut customer,1
customer journey,optimize customer journey,1
customer journey,customer service leading,1
customer journey,gamut customer,1
